,Round,Total mols,Valid mols without duplicate mols,Duplicate mols,Validity,Filtered mols,Filtered rate
0,Normal_0,128000,51480,261,0.4021875,5081,0.0986985236985237
1,Normal_1,256000,219843,7440,0.85876171875,87073,0.396069012886469
2,Retrain_0,512,6,0,0.01171875,0,0.0
3,Retrain_1,512,54,0,0.10546875,3,0.05555555555555555
4,Retrain_2,512,94,0,0.18359375,1,0.010638297872340425
5,Retrain_3,512,193,0,0.376953125,51,0.26424870466321243
