,Duplicate mols,Filtered mols,Filtered rate,Step,Total mols,Unnamed: 0,Unnamed: 0.1,Unnamed: 0.1.1,Valid mols without duplicate mols,Validity
0,0,90,0.17751479289940827,Retrain_0,1280,0.0,0.0,0.0,507,0.39609375
1,0,87,0.17330677290836655,Retrain_1,1280,1.0,0.0,,502,0.3921875
2,0,92,0.18181818181818185,Retrain_2,1280,0.0,,,506,0.3953125
0,0,87,0.19078947368421054,Retrain_3,1280,,,,456,0.35625
